{
  "filler": {
    "precision": 0.9259259259259259,
    "recall": 0.9615384615384616,
    "f1-score": 0.9433962264150944,
    "support": 52,
    "confused_with": {}
  },
  "micro avg": {
    "precision": 0.9259259259259259,
    "recall": 0.9615384615384616,
    "f1-score": 0.9433962264150944,
    "support": 52
  },
  "macro avg": {
    "precision": 0.9259259259259259,
    "recall": 0.9615384615384616,
    "f1-score": 0.9433962264150944,
    "support": 52
  },
  "weighted avg": {
    "precision": 0.9259259259259258,
    "recall": 0.9615384615384616,
    "f1-score": 0.9433962264150944,
    "support": 52
  }
}